{
    "A": [
        0.8571750738683879,
        0.8571881262357355,
        0.75,
        0.4285714285714286,
        1.0,
        0.3333333333333335,
        0.5714285714285714,
        0.8518518518518521,
        0.8947368421052633,
        0.7894736842105261,
        -1.0,
        -0.023255813953488635,
        1.0,
        1.0,
        1.0,
        1.0,
        1.0,
        1.0,
        1.0,
        1.0,
        -1.0,
        -1.0,
        0.6666666666666665,
        -0.33333333333333337,
        0.8773016146330994,
        0.6781038555471033,
        0.4400767329951877,
        0.8966931009469288,
        0.9086289171764546,
        0.9482296348204007,
        0.9572396292299965,
        0.9572396292299965,
        0.9618246285960339,
        0.8892687259890446,
        0.9143937420976693,
        0.9133554707491194,
        0.9133554707491194,
        0.9189357491221051,
        -0.44301741954532026,
        0.832862184562347,
        0.900665357043362,
        0.5512039897668317,
        0.7364245334266224
    ],
    "T": [
        0.816941145596201,
        0.8169528289676289,
        0.625,
        0.1428571428571428,
        1.0,
        0.3333333333333335,
        0.2857142857142858,
        0.7777777777777777,
        0.8947368421052633,
        0.6842105263157894,
        -1.0,
        0.28372093023255784,
        0.33333333333333326,
        0.0,
        1.0,
        1.0,
        0.33333333333333326,
        0.0,
        1.0,
        1.0,
        -1.0,
        -1.0,
        0.6666666666666665,
        0.6666666666666665,
        0.7983541305523689,
        0.559915121912159,
        0.2568669527896993,
        0.8066147783637547,
        0.8851919807270625,
        0.8980200228265014,
        0.8929853832603432,
        0.8929853832603432,
        0.8637830016770669,
        0.8608658467436852,
        0.8313683089446606,
        0.7831583093550851,
        0.7831583093550851,
        0.710747308545197,
        -0.06790670209625072,
        0.9235250895763227,
        0.9921331348599041,
        1.0,
        1.0
    ],
    "G": [
        0.9285875369341945,
        0.9285940631178686,
        0.875,
        0.7142857142857142,
        1.0,
        0.6666666666666665,
        0.5714285714285714,
        0.925925925925926,
        0.9473684210526314,
        0.8947368421052628,
        -1.0,
        -0.023255813953488635,
        1.0,
        1.0,
        1.0,
        1.0,
        1.0,
        1.0,
        1.0,
        1.0,
        -1.0,
        -1.0,
        0.6666666666666665,
        -0.33333333333333337,
        0.9343165724734639,
        0.8380109700924854,
        0.21030042918454916,
        0.9659409492814712,
        0.9586297529302259,
        0.9810523819393167,
        0.9779417123389669,
        0.9779417123389669,
        0.9934422976189765,
        0.9498640048621196,
        0.9686686645398261,
        0.9553037095784132,
        0.9553037095784132,
        0.9860749165902636,
        -0.6703572483023323,
        0.908788108677429,
        0.936799708702551,
        0.6731375973197196,
        0.7708954950673439
    ],
    "C": [
        0.7499721685918781,
        0.7499564842874804,
        0.625,
        0.4285714285714286,
        1.0,
        0.3333333333333335,
        0.4285714285714286,
        0.7037037037037037,
        0.7894736842105265,
        0.6842105263157894,
        -1.0,
        0.14728682170542617,
        0.33333333333333326,
        0.0,
        1.0,
        1.0,
        0.33333333333333326,
        0.0,
        1.0,
        1.0,
        -1.0,
        -1.0,
        0.6666666666666665,
        -1.0,
        0.7272954497805009,
        0.6083596909156419,
        0.2505202236961891,
        0.729412139510264,
        0.7801124439575315,
        0.8307223704858084,
        0.8145761272236074,
        0.8145761272236074,
        0.8096493864043595,
        0.7335214986260026,
        0.7200864942904166,
        0.6242791192106314,
        0.6242791192106314,
        0.5957962076650554,
        -0.06790670209625072,
        0.8275475314564111,
        0.9252316895244008,
        0.9263470782731322,
        0.9163443780609488
    ]
}