{
    "A": [
        0.9285875369341932,
        0.9285940631178677,
        0.875,
        0.7142857142857142,
        1.0,
        0.6666666666666665,
        0.7142857142857144,
        0.925925925925926,
        0.9473684210526314,
        0.8947368421052628,
        -1.0,
        -0.023255813953488635,
        1.0,
        1.0,
        1.0,
        1.0,
        1.0,
        1.0,
        1.0,
        1.0,
        -1.0,
        -1.0,
        1.0,
        -0.33333333333333337,
        0.9429850421596362,
        0.8400928854546181,
        0.10544284042138075,
        0.9307521516654582,
        0.9499991642462282,
        0.967177252881084,
        0.9830655941167894,
        0.9830655941167894,
        0.9744949813800416,
        0.9394047211269247,
        0.945725077557843,
        0.9656861341594483,
        0.9656861341594483,
        0.9458408614764953,
        -0.48848538529672303,
        0.9239826803591991,
        0.9634266841735117,
        0.5641507680065272,
        0.8109530746685958
    ],
    "U": [
        0.8077892234882904,
        0.807758739963492,
        0.75,
        -0.7142857142857143,
        1.0,
        -0.6666666666666665,
        1.0,
        0.7777777777777777,
        0.5789473684210527,
        0.7894736842105261,
        -1.0,
        0.14728682170542617,
        0.33333333333333326,
        0.0,
        1.0,
        1.0,
        0.33333333333333326,
        0.0,
        1.0,
        1.0,
        -1.0,
        -1.0,
        1.0,
        1.0,
        0.7768346314610548,
        0.8125475437402414,
        -1.0,
        0.5070872625325946,
        0.7860132628277539,
        0.8075546575147952,
        0.7981461634147804,
        0.7981461634147804,
        0.7593747083056117,
        0.7406726143949751,
        0.7220817308633902,
        0.6651099180023583,
        0.6651099180023583,
        0.6111390815369036,
        -0.11337466784765304,
        0.9196847889196944,
        0.9851240793035827,
        0.9011339025684526,
        0.9888166807507335
    ],
    "G": [
        0.9999999999999998,
        1.0,
        1.0,
        0.9999999999999998,
        1.0,
        1.0,
        0.7142857142857144,
        1.0,
        1.0,
        1.0,
        -1.0,
        -0.023255813953488635,
        1.0,
        1.0,
        1.0,
        1.0,
        1.0,
        1.0,
        1.0,
        1.0,
        -1.0,
        -1.0,
        1.0,
        1.0,
        1.0000000000000002,
        0.9999999999999998,
        -0.12433346338925799,
        1.0000000000000002,
        1.0,
        1.0,
        1.0000000000000004,
        1.0000000000000004,
        0.9999999999999998,
        1.0000000000000002,
        1.0000000000000002,
        1.0000000000000004,
        1.0000000000000004,
        1.0,
        -0.7158252140537347,
        0.9999999999999998,
        1.0,
        0.5504183951799659,
        0.8456605122296121
    ],
    "C": [
        0.8213846316576843,
        0.8213624211696131,
        0.75,
        0.7142857142857142,
        1.0,
        0.6666666666666665,
        0.5714285714285714,
        0.7777777777777777,
        0.8421052631578947,
        0.7894736842105261,
        -1.0,
        0.14728682170542617,
        0.33333333333333326,
        0.0,
        1.0,
        1.0,
        0.33333333333333326,
        0.0,
        1.0,
        1.0,
        -1.0,
        -1.0,
        1.0,
        -1.0,
        0.7929788773070372,
        0.7703487208231572,
        -0.08411366887761784,
        0.763471190228793,
        0.8214826910273061,
        0.8496699885464918,
        0.8404020921104001,
        0.8404020921104001,
        0.8219774001165148,
        0.7836574937638832,
        0.7514178297505898,
        0.6766097826209605,
        0.6766097826209605,
        0.6219743733157097,
        -0.11337466784765304,
        0.9196847889196944,
        0.9851240793035827,
        0.9011339025684526,
        0.9888166807507335
    ]
}